
--
-- Dumping data for table `ACCOUNT`
--

LOCK TABLES `ACCOUNT` WRITE;
/*!40000 ALTER TABLE `ACCOUNT` DISABLE KEYS */;
INSERT INTO `ACCOUNT` VALUES ('mail@mail.de','2013-10-30 11:09:26',1,'firstName','2013-10-30 11:09:26','lastName',1,'username');
INSERT INTO `ACCOUNT` VALUES ('salaxy@mail.de','2013-10-30 11:09:26',1,'Andy','2013-10-30 11:09:26','Klay',1,'salaxy');
INSERT INTO `ACCOUNT` VALUES ('kaain@mail.de','2013-10-30 11:09:26',1,'Christoph','2013-10-30 11:09:26','Ott',1,'kaain');
INSERT INTO `ACCOUNT` VALUES ('yser@mail.de','2013-10-30 11:09:26',1,'Michael','2013-10-30 11:09:26','Koppen',1,'yserz');
INSERT INTO `ACCOUNT` VALUES ('friend5db@mail.de','2013-10-30 11:09:26',1,'John','2013-10-30 11:09:26','Wayne',1,'wayne');
/*!40000 ALTER TABLE `ACCOUNT` ENABLE KEYS */;
UNLOCK TABLES;

--
-- Dumping data for table `ACCOUNT_ACCOUNT`
--

LOCK TABLES `ACCOUNT_ACCOUNT` WRITE;
/*!40000 ALTER TABLE `ACCOUNT_ACCOUNT` DISABLE KEYS */;
INSERT INTO `ACCOUNT_ACCOUNT` VALUES ('mail@mail.de','salaxy@mail.de');
INSERT INTO `ACCOUNT_ACCOUNT` VALUES ('mail@mail.de','kaain@mail.de');
INSERT INTO `ACCOUNT_ACCOUNT` VALUES ('mail@mail.de','yser@mail.de');
INSERT INTO `ACCOUNT_ACCOUNT` VALUES ('mail@mail.de','friend5db@mail.de');
/*!40000 ALTER TABLE `ACCOUNT_ACCOUNT` ENABLE KEYS */;
UNLOCK TABLES;

--
-- Dumping data for table `CREDENTIAL`
--

LOCK TABLES `CREDENTIAL` WRITE;
/*!40000 ALTER TABLE `CREDENTIAL` DISABLE KEYS */;
INSERT INTO `CREDENTIAL` VALUES ('2013-10-30 11:09:27',1,'2013-10-30 11:09:27','8d969eef6ecad3c29a3a629280e686cf0c3f5d5a86aff3ca12020c923adc6c92','mail@mail.de');
INSERT INTO `CREDENTIAL` VALUES ('2013-10-30 11:09:27',1,'2013-10-30 11:09:27','8d969eef6ecad3c29a3a629280e686cf0c3f5d5a86aff3ca12020c923adc6c92','salaxy@mail.de');
INSERT INTO `CREDENTIAL` VALUES ('2013-10-30 11:09:27',1,'2013-10-30 11:09:27','8d969eef6ecad3c29a3a629280e686cf0c3f5d5a86aff3ca12020c923adc6c92','kaain@mail.de');
INSERT INTO `CREDENTIAL` VALUES ('2013-10-30 11:09:27',1,'2013-10-30 11:09:27','8d969eef6ecad3c29a3a629280e686cf0c3f5d5a86aff3ca12020c923adc6c92','yser@mail.de');
/*!40000 ALTER TABLE `CREDENTIAL` ENABLE KEYS */;
UNLOCK TABLES;

--
-- Dumping data for table `ACCOUNT_GROUP`
--

LOCK TABLES `ACCOUNT_GROUP` WRITE;
/*!40000 ALTER TABLE `ACCOUNT_GROUP` DISABLE KEYS */;
INSERT INTO `ACCOUNT_GROUP` VALUES ('mail@mail.de','ADMINISTRATOR'),('mail@mail.de','USER');
INSERT INTO `ACCOUNT_GROUP` VALUES ('yser@mail.de','ADMINISTRATOR'),('yser@mail.de','USER');
INSERT INTO `ACCOUNT_GROUP` VALUES ('kaain@mail.de','ADMINISTRATOR'),('kaain@mail.de','USER');
INSERT INTO `ACCOUNT_GROUP` VALUES ('salaxy@mail.de','ADMINISTRATOR'),('salaxy@mail.de','USER');
/*!40000 ALTER TABLE `ACCOUNT_GROUP` ENABLE KEYS */;
UNLOCK TABLES;

--
-- Dumping data for table `PRESENCE`
--

LOCK TABLES `PRESENCE` WRITE;
/*!40000 ALTER TABLE `PRESENCE` DISABLE KEYS */;
/*!40000 ALTER TABLE `PRESENCE` ENABLE KEYS */;
UNLOCK TABLES;

--
-- Dumping data for table `ROOM`
--

LOCK TABLES `ROOM` WRITE;
/*!40000 ALTER TABLE `ROOM` DISABLE KEYS */;
INSERT INTO `ROOM` VALUES ('1', 'WWZ', '2014-01-11 15:28:38', '0', '2014-01-11 15:28:38', '23-WWZ', '52.411644', '12.536591');
INSERT INTO `ROOM` VALUES ('2', 'INFZ', '2014-01-11 15:28:38', '0', '2014-01-11 15:28:38', '223-INFZ', '52.411433', '12.536933');
INSERT INTO `ROOM` VALUES ('3', 'IWZ', '2014-01-11 15:28:38', '0', '2014-01-11 15:28:38', '141-IWZ', '52.410561', '12.537079');
INSERT INTO `ROOM` VALUES ('4', 'MENSA', '2014-01-11 15:28:38', '0', '2014-01-11 15:28:38', 'Mensa', '52.410312', '12.537822');
INSERT INTO `ROOM` VALUES ('5', 'AUDIMAX', '2014-01-11 15:28:38', '0', '2014-01-11 15:28:38', 'Audimax', '52.410937', '12.539407');
INSERT INTO `ROOM` VALUES ('6', 'BIBLIOTHEK', '2014-01-11 15:28:38', '0', '2014-01-11 15:28:38', 'Bibliothek', '52.411734', '12.538428');
/*!40000 ALTER TABLE `ROOM` ENABLE KEYS */;
UNLOCK TABLES;
